Apple,Orchard,Red,Phone,Pie,Core
Banana,Peel,Yellow,Jungle,Split,Jungle
Strawberry,Patch,Red,Seeds,Jam,Shortcake
Watermelon,Summer,Picnic,Seeds,Rind,Slice
Orange,Citrus,Peel,Juice,Florida,Vitamin
Lemon,Citrus,Yellow,Sour,Drop,Squeeze
Grape,Vine,Purple,Wine,Bunch,Raisin
Pineapple,Tropical,Spiky,Hawaii,Ring,Core
Peach,Orchard,Fuzzy,Pit,Georgia,Cobbler
Blueberry,Patch,Muffin,Blue,Bush,Jam
Laptop,Battery,Typing,Backpack,Wifi,Fold
Phone,Pocket,Battery,Call,App,Touch
Television,Living Room,Remote,Broadcast,Channel,Screen
Headphones,Ears,Cable,Bluetooth,Jack,Noise
Smartwatch,Wrist,Battery,Fitness,Strap,Touch
Keyboard,Typing,Buttons,Shortcuts,Click,Letters
Camera,Flash,Lens,Focus,Click,Memory
Microphone,Stage,Speak,Stand,Volume,Record
Speaker,Party,Bass,Bluetooth,Volume,Cone
Tablet,Touch,Stylus,App,Fold,Screen
Coffee,Morning,Bean,Mug,Roast,Caffeine
Tea,Morning,Mug,Leaves,Bag,Steep
Milk,Morning,Cereal,Pour,Carton,Morning
Water,Ocean,Ice,Tap,Bottle,Clear
Beer,Party,Pint,Hops,Pub,Foam
Wine,Vine,Glass,Cork,Pour,Red
Soda,Party,Can,Party,Ice,Pop
Juice,Squeeze,Pour,Squeeze,Glass,Carton
Hot Chocolate,Winter,Mug,Mug,Cocoa,Warm
Smoothie,Breakfast,Blender,Straw,Thick,Ice
Pizza,Party,Delivery,Italy,Slice,Box
Burger,Grill,Bun,Drive-thru,Ketchup,Ketchup
Pasta,Boil,Sauce,Italy,Twirl,Bowl
Sushi,Roll,Seaweed,Chopsticks,Raw,Soy
Taco,Shell,Spicy,Tuesday,Salsa,Fold
Salad,Bowl,Dressing,Diet,Crisp,Fork
Soup,Bowl,Spoon,Warm,Broth,Can
Steak,Grill,Knife,Rare,Cow,Cut
Fries,Drive-thru,Ketchup,Salt,Greasy,Potato
Sandwich,Picnic,Lunch,Slice,Bread,Mayo
Dog,Leash,Collar,Pet,Collar,Tail
Cat,Claws,Pet,Litter,Claws,Tail
Lion,Safari,Roar,Roar,Pride,Savannah
Tiger,Safari,Stripes,Jungle,Roar,Claws
Elephant,Safari,Trunk,Ivory,Circus,Memory
Giraffe,Safari,Neck,Spots,Leaves,Tall
Monkey,Jungle,Tail,Swing,Zoo,Peel
Rabbit,Hop,Ears,Carrot,Carrot,Fluff
Hamster,Wheel,Cage,Cheeks,Pocket,Squeak
Horse,Saddle,Gallop,Hoof,Barn,Mane
Eagle,Sky,Nest,Talon,Bald,Soar
Penguin,Winter,Ice,Tuxedo,Waddle,Winter
Owl,Night,Barn,Hoot,Feathers,Wisdom
Parrot,Jungle,Cage,Feathers,Pirate,Talk
Pigeon,City,Park,Feathers,Flock,Statue
Car,Drive-thru,Garage,Steering,Tires,Key
Bicycle,Park,Helmet,Chain,Pedal,Bell
Motorcycle,Helmet,Garage,Leather,Engine,Handlebars
Train,Track,Station,Ticket,Conductor,Whistle
Airplane,Sky,Ticket,Luggage,Runway,Wings
Helicopter,Sky,Rescue,Pad,Hover,Blades
Boat,Dock,Waves,Anchor,Deck,Sail
Submarine,Ocean,Dive,Dive,Torpedo,Pressure
Bus,City,Ticket,Route,Stop,Fare
Truck,Garage,Cargo,Trailer,Trailer,Bed
Guitar,Stage,Pick,Pick,Strap,Acoustic
Piano,Stage,Bench,Pedals,Ivory,Chord
Drums,Stage,Sticks,Bass,Beat,Beat
Violin,Bow,Chin,Strings,Strings,Case
Flute,Symphony,Holes,Blow,Holes,Breath
Trumpet,Symphony,Brass,Valves,Blow,Jazz
Harp,Symphony,Pedals,Pluck,Angels,Strings
Accordion,Strap,Fold,Squeeze,Buttons,Polka
Saxophone,Jazz,Brass,Strap,Reed,Blow
Ukulele,Pluck,Strings,Pluck,Small,Acoustic
Soccer,Cleats,Pitch,Goal,Goalie,Kick
Basketball,Court,Hoop,Dribble,Net,Sneakers
Tennis,Court,Net,Swing,Serve,Swing
Baseball,Pitch,Glove,Diamond,Strike,Homerun
Golf,Tee,Club,Green,Hole,Swing
Volleyball,Net,Court,Spike,Sand,Serve
Hockey,Ice,Winter,Skates,Goal,Goal
Football,Helmet,Cleats,Cleats,Tackle,Field
Rugby,Cleats,Pitch,Tackle,Field,Field
Badminton,Court,Net,Swing,Smash,Smash
Desk,Office,Drawer,Study,Lamp,Chair
Chair,Office,Cushion,Sit,Armrest,Desk
Bed,Bedroom,Mattress,Pillow,Blanket,Sleep
Couch,Living Room,Cushion,Pillow,Sit,Remote
Table,Kitchen,Chairs,Cloth,Dinner,Center
Wardrobe,Bedroom,Doors,Hanger,Clothes,Closet
Bookshelf,Study,Shelf,Dust,Library,Display
Cabinet,Kitchen,Shelf,Doors,Storage,Knobs
Drawer,Office,Knobs,Pull,Slide,Storage
Stool,Kitchen,Bar,Sit,Tall,Tall
Ice Cream,Summer,Cone,Melt,Melt,Freezer
Cake,Party,Slice,Candle,Slice,Bake
Cookie,Oven,Jar,Dough,Crumbs,Chocolate
Cupcake,Party,Wrapper,Frosting,Bake,Mini
Donut,Breakfast,Hole,Glaze,Box,Fry